continent,v_lifeExp
Oceania,14.406663302536224
Europe,29.5194210961854
Africa,83.72634723273445
Americas,87.33066977992195
Asia,140.76710837747206
